{"schemaVersion":"1.0","appDefinitionTemplate":{"id":"/providers/Microsoft.PowerApps/apps/","type":"Microsoft.PowerApps/apps","tags":{"primaryDeviceWidth":"1366","primaryDeviceHeight":"768","supportsPortrait":"false","supportsLandscape":"true","primaryFormFactor":"Tablet","publisherVersion":"3.22064.18","minimumRequiredApiVersion":"2.2.0","hasComponent":"false","hasUnlockedComponent":"false","isUnifiedRootApp":"false","sienaVersion":"20220719T084054Z-3.22064.18.0"},"properties":{"appVersion":"2022-07-19T08:40:54Z","lifeCycleId":"Published","createdByClientVersion":{"major":3,"minor":22064,"build":18,"revision":0,"majorRevision":0,"minorRevision":0},"minClientVersion":{"major":3,"minor":22064,"build":18,"revision":0,"majorRevision":0,"minorRevision":0},"backgroundColor":"rgba(237, 41, 85, 1)","backgroundImageUri":"/16528356924900975304/N14b3b2e7-8cb7-48da-8566-a870fe0686c9-logoSmallFile","displayName":"ASSB Meeting Capture","description":"An all-in-one ASSB meeting capture tool. View meeting details, capture notes and pictures of whiteboards, assign tasks and send to all meeting attendees in one click.\n\nhttps://forms.office.com/r/p3XNnsjFPL\n\n©️Created by Saif Imran","commitMessage":"","appUris":{"documentUri":{"value":"/16528356924900975304/N1e027149-b757-4335-9465-5d922ae93023-document.msapp"},"imageUris":[],"additionalUris":[]},"createdTime":"0001-01-01T00:00:00Z","lastModifiedTime":"0001-01-01T00:00:00Z","sharedGroupsCount":0,"sharedUsersCount":0,"icons":{"smallIconUri":"/16528356924900975304/Na22e23d0-6a09-40ff-b0f4-72e763d6ff22-small.png","mediumIconUri":"/16528356924900975304/N8649a32f-c22e-46db-b5e5-44846aeb2d9f-medium.png","largeIconUri":"/16528356924900975304/N0d204673-549f-448c-bdf1-48714548e998-large.png","wideIconUri":"/16528356924900975304/Nf844802c-f267-48b7-9d36-44705c3ca676-wide.png"},"connectionReferences":{"6b2de656-facb-41aa-b502-bb84e6da4768":{"id":"e02950e5-0d04-45ea-8b5b-3cea9de7c7f0","displayName":"Office 365 Users","iconUri":"https://connectoricons-prod.azureedge.net/releases/v1.0.1587/1.0.1587.2924/office365users/icon.png","dataSources":["Office365Users"],"dependencies":[],"dependents":[],"parameterHints":{},"parameterHintsV2":{},"isOnPremiseConnection":false,"bypassConsent":false,"dataSets":{},"apiTier":"Standard","isCustomApiConnection":false,"actions":["MyProfile","SearchUser","UserPhotoMetadata","UserPhoto","UserProfileV2"]},"0709996f-842f-4d9b-9d21-618afede1a91":{"id":"5cfbc46a-c6ef-4288-9038-cc434d07c792","displayName":"OneNote (Business)","iconUri":"https://connectoricons-prod.azureedge.net/releases/v1.0.1563/1.0.1563.2732/onenote/icon.png","dataSources":["OneNote(Business)"],"dependencies":[],"dependents":[],"parameterHints":{},"parameterHintsV2":{},"isOnPremiseConnection":false,"bypassConsent":false,"dataSets":{},"apiTier":"Standard","isCustomApiConnection":false,"actions":["CreatePageInSection","GetNotebooks","GetSectionsInNotebook"]},"5867dfa2-c11f-4590-8528-e575cc1e8f82":{"id":"3ab92912-826f-486e-a946-c2ca24531d73","displayName":"Planner","iconUri":"https://connectoricons-prod.azureedge.net/releases/v1.0.1513/1.0.1513.2549/planner/icon.png","dataSources":["Planner"],"dependencies":[],"dependents":[],"parameterHints":{},"parameterHintsV2":{},"isOnPremiseConnection":false,"bypassConsent":false,"dataSets":{},"apiTier":"Standard","isCustomApiConnection":false,"actions":["CreateTask","ListMyPlans","ListBuckets"]},"b84d29d0-5308-4b11-89e9-65a038c53cff":{"id":"1edb1beb-22ca-468b-96ed-8f3274e8ccf9","displayName":"Office 365 Outlook","iconUri":"https://connectoricons-prod.azureedge.net/releases/v1.0.1588/1.0.1588.2938/office365/icon.png","dataSources":["Office365Outlook"],"dependencies":[],"dependents":[],"parameterHints":{},"parameterHintsV2":{},"isOnPremiseConnection":false,"bypassConsent":false,"dataSets":{},"apiTier":"Standard","isCustomApiConnection":false,"actions":["CalendarGetTables","GetEventsCalendarView","SendEmail","V4CalendarPostItem","FindMeetingTimes"]}},"databaseReferences":{},"almMode":"Environment","performanceOptimizationEnabled":false,"canConsumeAppPass":true,"executionRestrictions":{"isTeamsOnly":false,"dataLossPreventionEvaluationResult":{"status":"Compliant","lastEvaluationDate":"2022-07-14T07:51:53.4185343Z","violations":[],"violationsByPolicy":[],"violationErrorMessage":"The app uses the following connectors: shared_office365users, shared_onenote, shared_planner, shared_office365."}}},"appType":"ClassicCanvasApp","appComponents":[]}}